feature,importance
ph,0.12736625412696562
Sulfate,0.12095652099989344
Hardness,0.12086437053700973
Solids,0.11580502165462335
Chloramines,0.11345913813538748
Organic_carbon,0.1043593169391117
Conductivity,0.10020091820758714
Trihalomethanes,0.09955048833167683
Turbidity,0.09743797106774474
